jeQMSGdNBAWQ5Hm%2FXdr7Ms27Y9SuylXBbJzaQxvXGERH4bJkYDRry0YOc8QQY9ME,583116d88d787e17b134e48be2962008
jeQMSGdNBAWQ5Hm%2FXdr7MiEWt1oi8ty5sIy4k99V23MvwHuFo9UGhESOAK2RCtbT,8634bfcf183dba412b4d26524bd3c8cf
JkBtaj%2BMQYC2j6lLhywUjsGrgLj9r4Iho%2BA7EzCVBaM451arPxdaMho%2B57woqiNQ,44c172f62d8744e6c18d54adbbaa95b0
lUIMpMJsVyYVX6bVOTuKmgQitYc29XP75WvOM%2BMAfgDcjWwzByS5hwHsm%2Bfk3NdH,514f429d1ff4a78b325e0c753ec867d4
i%2FWkNRqUYZvSjtifDznT6CJO4gpIgd3J5%2BkI8e%2BwoicvCKqgwL2kR%2B1%2FXbjnM0f%2B,08803e7bf6523a5191aaba0060fca12f
VqG1ODZ0vNuwQLDm1B6Yrro1E%2Fh79imOk3vgppSDGd0lPyJ1ND9o%2FArqz1P1NKs0,66f8121d12591ce4550073a545b98b62
z0QBQeo%2Fz7UwAjr4b7QANh9%2FUWgjKJwEmU8woRcKbsPBBU58jochv7d%2B9J2zFoR7,8766c47c269ea04425971b750794a235
mTQsXhMhD8MDhTfj9ZLSOGkYy2YRWDXlEeWdCdDHfKQzXdr9j29invER260nt4Rz,53a65ca1568e4d0ce8c983ebe32a4eae
5q51GCShvVj%2FOcdrAL4xCMN%2FlLcT4ZIpdJUCFYWK9ZNIECTeLkx8k%2BETKX3J9l7u,95eef31348d502222f902a55f60493b8
kD3egdIBHwcAxFykio1ysy4TpEToloIt6oRA%2BZ%2BYYHLCgffvDXLDNa2rmV2YAP02,161a5ebb6b7f386c719ad7d72009db40
